start_timestamp,end_timestamp,duration,travel_to,deploy,travel_from,cycle_type,event_key,ts,match_type,match_number,cycle_timestamp,filename,match_index
111.39949,156.039472,44.63998199999999,12.760007000000002,4.499988999999985,27.379986000000002,L4,2025practice,2025-03-15 11:04:58,Prac,0,2025-03-15 11:06:49.399490000,akit_25-03-15_11-04-58.wpilog,1
156.039472,170.779561,14.740089000000012,6.960034000000007,4.180112000000008,3.599942999999996,L4,2025practice,2025-03-15 11:04:58,Prac,0,2025-03-15 11:07:34.039472000,akit_25-03-15_11-04-58.wpilog,2
170.779561,201.579499,30.799937999999997,,,,L1,2025practice,2025-03-15 11:04:58,Prac,0,2025-03-15 11:07:48.779561000,akit_25-03-15_11-04-58.wpilog,3
21.29009,50.780231,29.490141,21.945892999999998,4.403993,3.1402550000000033,L4,2025practice,2025-03-15 11:32:40,Prac,0,2025-03-15 11:33:01.290090000,akit_25-03-15_11-32-40.wpilog,4
331.82781,343.52787,11.700060000000008,3.940000999999995,7.020007000000021,0.7400519999999915,L4,2025practice,2025-03-15 12:14:15,Prac,0,2025-03-15 12:19:46.827810000,akit_25-03-15_12-14-15.wpilog,5
92.28733,164.651659,72.364329,54.524293,4.419983000000002,13.420052999999996,L4,2025practice,2025-03-15 12:22:16,Prac,0,2025-03-15 12:23:48.287330000,akit_25-03-15_12-22-16.wpilog,6
164.651659,191.593846,26.94218700000002,7.639948000000004,16.480005000000006,2.822234000000009,L4,2025practice,2025-03-15 12:22:16,Prac,0,2025-03-15 12:25:00.651659000,akit_25-03-15_12-22-16.wpilog,7
191.593846,206.193828,14.599981999999983,4.580013999999977,3.160549000000003,6.859419000000003,L3,2025practice,2025-03-15 12:22:16,Prac,0,2025-03-15 12:25:27.593846000,akit_25-03-15_12-22-16.wpilog,8
206.193828,219.473921,13.280092999999994,4.700013000000013,4.400004999999993,4.180074999999988,L2,2025practice,2025-03-15 12:22:16,Prac,0,2025-03-15 12:25:42.193828000,akit_25-03-15_12-22-16.wpilog,9
219.473921,233.713903,14.239981999999998,7.0198950000000195,6.560040999999984,0.6600459999999941,L4,2025practice,2025-03-15 12:22:16,Prac,0,2025-03-15 12:25:55.473921000,akit_25-03-15_12-22-16.wpilog,10
233.713903,240.533866,6.819963000000001,,,,L1,2025practice,2025-03-15 12:22:16,Prac,0,2025-03-15 12:26:09.713903000,akit_25-03-15_12-22-16.wpilog,11
240.533866,254.513869,13.98000300000001,4.0399670000000185,6.240015999999997,3.700019999999995,L3,2025practice,2025-03-15 12:22:16,Prac,0,2025-03-15 12:26:16.533865999,akit_25-03-15_12-22-16.wpilog,12
254.513869,264.673871,10.16000200000002,4.3203510000000165,1.5196349999999939,4.32001600000001,L2,2025practice,2025-03-15 12:22:16,Prac,0,2025-03-15 12:26:30.513869000,akit_25-03-15_12-22-16.wpilog,13
264.673871,274.633849,9.959977999999978,2.8199709999999527,1.7000150000000076,5.439992000000018,L2,2025practice,2025-03-15 12:22:16,Prac,0,2025-03-15 12:26:40.673871000,akit_25-03-15_12-22-16.wpilog,14
274.633849,295.773837,21.139988000000017,,,,L1,2025practice,2025-03-15 12:22:16,Prac,0,2025-03-15 12:26:50.633849000,akit_25-03-15_12-22-16.wpilog,15
295.773837,312.053966,16.280128999999988,,,,L1,2025practice,2025-03-15 12:22:16,Prac,0,2025-03-15 12:27:11.773837000,akit_25-03-15_12-22-16.wpilog,16
478.063017,511.269224,33.206207000000006,,,,L1,2025practice,2025-03-15 12:22:16,Prac,0,2025-03-15 12:30:14.063017000,akit_25-03-15_12-22-16.wpilog,17
511.269224,535.268991,23.99976700000002,,,,L1,2025practice,2025-03-15 12:22:16,Prac,0,2025-03-15 12:30:47.269224000,akit_25-03-15_12-22-16.wpilog,18
535.268991,548.00902,12.740028999999936,5.900012999999944,3.440023999999994,3.3999919999999975,L4,2025practice,2025-03-15 12:22:16,Prac,0,2025-03-15 12:31:11.268991000,akit_25-03-15_12-22-16.wpilog,19
103.94916,162.433285,58.484125000000006,,,,L1,2025practice,2025-03-15 13:08:51,Prac,0,2025-03-15 13:10:34.949160000,akit_25-03-15_13-08-51.wpilog,20
19.560777,26.220728,6.6599509999999995,,,,L1,2025practice,2025-03-15 13:17:47,Prac,0,2025-03-15 13:18:06.560777000,akit_25-03-15_13-17-47.wpilog,21
26.220728,32.580743,6.360014999999997,,,,L1,2025practice,2025-03-15 13:17:47,Prac,0,2025-03-15 13:18:13.220728000,akit_25-03-15_13-17-47.wpilog,22
134.471701,172.978385,38.50668400000001,,,,L1,2025practice,2025-03-15 13:17:47,Prac,0,2025-03-15 13:20:01.471701000,akit_25-03-15_13-17-47.wpilog,23
172.978385,204.558424,31.580039,,,,L1,2025practice,2025-03-15 13:17:47,Prac,0,2025-03-15 13:20:39.978385000,akit_25-03-15_13-17-47.wpilog,24
204.558424,238.918459,34.36003500000001,20.83999800000001,6.740011999999979,6.780025000000023,L4,2025practice,2025-03-15 13:17:47,Prac,0,2025-03-15 13:21:11.558424000,akit_25-03-15_13-17-47.wpilog,25
238.918459,263.218458,24.299998999999985,14.079987999999986,5.319992000000013,4.900018999999986,L4,2025practice,2025-03-15 13:17:47,Prac,0,2025-03-15 13:21:45.918459000,akit_25-03-15_13-17-47.wpilog,26
263.218458,281.718466,18.50000799999998,11.259998999999993,4.940236000000027,2.299772999999959,L4,2025practice,2025-03-15 13:17:47,Prac,0,2025-03-15 13:22:10.218458000,akit_25-03-15_13-17-47.wpilog,27
281.718466,301.698449,19.979983000000004,9.339981000000023,5.260019,5.3799829999999815,L4,2025practice,2025-03-15 13:17:47,Prac,0,2025-03-15 13:22:28.718466000,akit_25-03-15_13-17-47.wpilog,28
301.698449,359.558458,57.86000899999999,47.10004500000002,-0.07998800000001438,10.839951999999982,L2,2025practice,2025-03-15 13:17:47,Prac,0,2025-03-15 13:22:48.698449000,akit_25-03-15_13-17-47.wpilog,29
501.607866,539.607634,37.99976799999996,8.939764000000025,5.060031999999978,23.999971999999957,L4,2025practice,2025-03-15 13:17:47,Prac,0,2025-03-15 13:26:08.607866000,akit_25-03-15_13-17-47.wpilog,30
539.607634,554.467631,14.859997000000021,5.320010000000025,6.81996300000003,2.7200239999999667,L4,2025practice,2025-03-15 13:17:47,Prac,0,2025-03-15 13:26:46.607634000,akit_25-03-15_13-17-47.wpilog,31
554.467631,566.807591,12.33996000000002,6.039990999999986,3.0400300000000016,3.2599390000000312,L3,2025practice,2025-03-15 13:17:47,Prac,0,2025-03-15 13:27:01.467631000,akit_25-03-15_13-17-47.wpilog,32
566.807591,578.067627,11.260036000000014,3.5999990000000253,3.7600289999999177,3.9000080000000708,L3,2025practice,2025-03-15 13:17:47,Prac,0,2025-03-15 13:27:13.807591000,akit_25-03-15_13-17-47.wpilog,33
578.067627,594.167673,16.10004600000002,2.9199929999999767,,,L2,2025practice,2025-03-15 13:17:47,Prac,0,2025-03-15 13:27:25.067627000,akit_25-03-15_13-17-47.wpilog,34
594.167673,608.62762,14.459946999999943,4.419944999999984,5.000004999999987,5.039996999999971,L3,2025practice,2025-03-15 13:17:47,Prac,0,2025-03-15 13:27:41.167673000,akit_25-03-15_13-17-47.wpilog,35
74.301558,114.727536,40.425978,29.125929999999997,3.280011000000002,8.020037000000002,L4,2025practice,2025-03-15 13:28:58,Prac,0,2025-03-15 13:30:12.301558000,akit_25-03-15_13-28-58.wpilog,36
114.727536,121.707512,6.9799759999999935,,,,L1,2025practice,2025-03-15 13:28:58,Prac,0,2025-03-15 13:30:52.727536000,akit_25-03-15_13-28-58.wpilog,37
121.707512,128.507496,6.799984000000009,,,,L1,2025practice,2025-03-15 13:28:58,Prac,0,2025-03-15 13:30:59.707512000,akit_25-03-15_13-28-58.wpilog,38
19.365558,36.84155,17.475991999999998,,,,L1,2025practice,2025-03-15 13:38:10,Prac,0,2025-03-15 13:38:29.365558000,akit_25-03-15_13-38-10.wpilog,39
36.84155,49.593321,12.751771000000005,5.3273009999999985,6.060081000000004,1.3643890000000027,L4,2025practice,2025-03-15 13:38:10,Prac,0,2025-03-15 13:38:46.841550000,akit_25-03-15_13-38-10.wpilog,40
49.593321,60.941302,11.347980999999997,4.363609999999994,4.084376000000006,2.899994999999997,L4,2025practice,2025-03-15 13:38:10,Prac,0,2025-03-15 13:38:59.593321000,akit_25-03-15_13-38-10.wpilog,41
127.754076,138.934068,11.179991999999999,5.00000399999999,3.9599800000000016,2.220008000000007,L4,2025practice,2025-03-15 13:41:58,Prac,0,2025-03-15 13:44:05.754076000,akit_25-03-15_13-41-58.wpilog,42
138.934068,170.695842,31.761774000000003,4.319980000000015,20.00174099999998,7.440053000000006,L4,2025practice,2025-03-15 13:41:58,Prac,0,2025-03-15 13:44:16.934068000,akit_25-03-15_13-41-58.wpilog,43
170.695842,179.17577,8.479928000000001,3.0199210000000107,3.34003899999999,2.119968,L3,2025practice,2025-03-15 13:41:58,Prac,0,2025-03-15 13:44:48.695842000,akit_25-03-15_13-41-58.wpilog,44
179.17577,188.935779,9.760008999999997,2.6400179999999978,3.0400109999999927,4.079980000000006,L3,2025practice,2025-03-15 13:41:58,Prac,0,2025-03-15 13:44:57.175770000,akit_25-03-15_13-41-58.wpilog,45
188.935779,199.544449,10.60866999999999,4.820031999999998,2.608091999999999,3.1805459999999925,L2,2025practice,2025-03-15 13:41:58,Prac,0,2025-03-15 13:45:06.935779000,akit_25-03-15_13-41-58.wpilog,46
199.544449,204.184435,4.639986000000022,2.9994800000000055,,,L2,2025practice,2025-03-15 13:41:58,Prac,0,2025-03-15 13:45:17.544449000,akit_25-03-15_13-41-58.wpilog,47
204.184435,204.743885,0.5594499999999982,0.13943999999997914,,,L2,2025practice,2025-03-15 13:41:58,Prac,0,2025-03-15 13:45:22.184435000,akit_25-03-15_13-41-58.wpilog,48
204.743885,213.963828,9.219943,0.0,0.19998699999999303,9.019956000000008,L1,2025practice,2025-03-15 13:41:58,Prac,0,2025-03-15 13:45:22.743885000,akit_25-03-15_13-41-58.wpilog,49
213.963828,227.923853,13.960025000000002,4.08005399999999,4.7603750000000105,5.119596000000001,L4,2025practice,2025-03-15 13:41:58,Prac,0,2025-03-15 13:45:31.963828000,akit_25-03-15_13-41-58.wpilog,50
248.131814,263.311836,15.180022000000037,7.560015000000021,5.020001000000008,2.6000060000000076,L4,2025practice,2025-03-15 13:49:29,Prac,0,2025-03-15 13:53:37.131813999,akit_25-03-15_13-49-29.wpilog,51
30.862514,36.145183,5.282669000000002,,,,L1,2025practice,2025-03-15 13:55:16,Prac,0,2025-03-15 13:55:46.862514000,akit_25-03-15_13-55-16.wpilog,52
36.145183,53.580922,17.435738999999998,6.124133999999998,8.025027000000001,3.2865779999999987,L4,2025practice,2025-03-15 13:55:16,Prac,0,2025-03-15 13:55:52.145183000,akit_25-03-15_13-55-16.wpilog,53
53.580922,65.186061,11.605138999999994,5.365141999999999,3.6800050000000013,2.559991999999994,L4,2025practice,2025-03-15 13:55:16,Prac,0,2025-03-15 13:56:09.580922000,akit_25-03-15_13-55-16.wpilog,54
65.186061,104.266033,39.079972,10.040002000000001,21.839990999999998,7.199978999999999,L3,2025practice,2025-03-15 13:55:16,Prac,0,2025-03-15 13:56:21.186061000,akit_25-03-15_13-55-16.wpilog,55
104.266033,132.526067,28.26003400000002,10.980060000000009,16.07995600000001,1.200018,L4,2025practice,2025-03-15 13:55:16,Prac,0,2025-03-15 13:57:00.266033000,akit_25-03-15_13-55-16.wpilog,56
132.526067,165.96606,33.43999299999999,7.959991000000002,18.399985999999984,7.0800160000000005,L4,2025practice,2025-03-15 13:55:16,Prac,0,2025-03-15 13:57:28.526066999,akit_25-03-15_13-55-16.wpilog,57
165.96606,177.446079,11.480018999999999,5.159978999999993,2.640036000000009,3.6800039999999967,L3,2025practice,2025-03-15 13:55:16,Prac,0,2025-03-15 13:58:01.966060000,akit_25-03-15_13-55-16.wpilog,58
177.446079,188.826059,11.379979999999989,5.939970000000017,3.1800079999999866,2.260001999999986,L3,2025practice,2025-03-15 13:55:16,Prac,0,2025-03-15 13:58:13.446079000,akit_25-03-15_13-55-16.wpilog,59
27.380899,32.7041,5.323200999999997,,,,L1,2025practice,2025-03-15 14:11:46,Prac,0,2025-03-15 14:12:13.380899000,akit_25-03-15_14-11-46.wpilog,60
32.7041,47.205414,14.501314,7.700735000000002,4.494035000000004,2.3065439999999953,L4,2025practice,2025-03-15 14:11:46,Prac,0,2025-03-15 14:12:18.704100000,akit_25-03-15_14-11-46.wpilog,61
47.205414,58.128359,10.922945000000006,3.7200540000000046,4.622900999999999,2.5799900000000022,L4,2025practice,2025-03-15 14:11:46,Prac,0,2025-03-15 14:12:33.205414000,akit_25-03-15_14-11-46.wpilog,62
58.128359,68.668487,10.540127999999996,4.260025999999996,5.160405999999995,1.1196960000000047,L4,2025practice,2025-03-15 14:11:46,Prac,0,2025-03-15 14:12:44.128359000,akit_25-03-15_14-11-46.wpilog,63
68.668487,85.248551,16.580064000000007,5.980222999999995,6.899766,3.7000750000000124,L4,2025practice,2025-03-15 14:11:46,Prac,0,2025-03-15 14:12:54.668487000,akit_25-03-15_14-11-46.wpilog,64
85.248551,105.368846,20.120295,6.580037999999988,10.699974000000012,2.8402829999999994,L3,2025practice,2025-03-15 14:11:46,Prac,0,2025-03-15 14:13:11.248551000,akit_25-03-15_14-11-46.wpilog,65
105.368846,115.908529,10.539682999999997,4.919719999999998,3.0199949999999944,2.599968000000004,L3,2025practice,2025-03-15 14:11:46,Prac,0,2025-03-15 14:13:31.368846000,akit_25-03-15_14-11-46.wpilog,66
115.908529,128.328626,12.420097000000013,5.820025999999999,3.5803169999999938,3.0197540000000203,L3,2025practice,2025-03-15 14:11:46,Prac,0,2025-03-15 14:13:41.908529000,akit_25-03-15_14-11-46.wpilog,67
128.328626,140.348544,12.01991799999999,5.319935999999984,1.4200030000000083,5.279978999999997,L2,2025practice,2025-03-15 14:11:46,Prac,0,2025-03-15 14:13:54.328626000,akit_25-03-15_14-11-46.wpilog,68
140.348544,161.788615,21.44007099999999,6.100019000000003,11.480223999999993,3.859827999999993,L4,2025practice,2025-03-15 14:11:46,Prac,0,2025-03-15 14:14:06.348544000,akit_25-03-15_14-11-46.wpilog,69
161.788615,175.608569,13.819953999999996,6.819945000000018,3.839979999999997,3.16002899999998,L3,2025practice,2025-03-15 14:11:46,Prac,0,2025-03-15 14:14:27.788615000,akit_25-03-15_14-11-46.wpilog,70
100.920639,105.880816,4.960177000000002,,,3.120147000000003,L1,2025practice,2025-03-15 14:29:41,Prac,0,2025-03-15 14:31:21.920639000,akit_25-03-15_14-29-41.wpilog,71
105.880816,119.231065,13.350249000000005,8.019869999999997,3.46530700000001,1.8650719999999978,L4,2025practice,2025-03-15 14:29:41,Prac,0,2025-03-15 14:31:26.880816000,akit_25-03-15_14-29-41.wpilog,72
176.997679,182.257643,5.2599639999999965,,,,L1,2025practice,2025-03-15 14:44:47,Prac,0,2025-03-15 14:47:43.997679000,akit_25-03-15_14-44-47.wpilog,73
182.257643,193.657805,11.400161999999995,5.860018999999994,3.4800170000000037,2.060125999999997,L4,2025practice,2025-03-15 14:44:47,Prac,0,2025-03-15 14:47:49.257643000,akit_25-03-15_14-44-47.wpilog,74
193.657805,203.337678,9.679873000000015,3.479832000000016,3.620273999999995,2.579767000000004,L4,2025practice,2025-03-15 14:44:47,Prac,0,2025-03-15 14:48:00.657805000,akit_25-03-15_14-44-47.wpilog,75
203.337678,225.057761,21.72008299999999,4.25998899999999,14.360017999999997,3.1000760000000014,L4,2025practice,2025-03-15 14:44:47,Prac,0,2025-03-15 14:48:10.337678000,akit_25-03-15_14-44-47.wpilog,76
225.057761,237.257688,12.199927000000002,4.379952000000003,3.700019999999995,4.1199550000000045,L4,2025practice,2025-03-15 14:44:47,Prac,0,2025-03-15 14:48:32.057761000,akit_25-03-15_14-44-47.wpilog,77
237.257688,246.837669,9.579981000000004,3.7799890000000005,3.159992999999986,2.6399990000000173,L3,2025practice,2025-03-15 14:44:47,Prac,0,2025-03-15 14:48:44.257687999,akit_25-03-15_14-44-47.wpilog,78
246.837669,259.517651,12.679981999999995,6.379993999999982,2.6399990000000173,3.659988999999996,L3,2025practice,2025-03-15 14:44:47,Prac,0,2025-03-15 14:48:53.837669000,akit_25-03-15_14-44-47.wpilog,79
259.517651,268.097805,8.580153999999993,4.300020000000018,,,L2,2025practice,2025-03-15 14:44:47,Prac,0,2025-03-15 14:49:06.517651000,akit_25-03-15_14-44-47.wpilog,80
268.097805,284.797684,16.69987900000001,4.699902000000009,2.8199710000000096,9.180005999999992,L2,2025practice,2025-03-15 14:44:47,Prac,0,2025-03-15 14:49:15.097805000,akit_25-03-15_14-44-47.wpilog,81
284.797684,296.537664,11.739980000000003,2.0599960000000124,7.1202879999999595,2.559696000000031,L4,2025practice,2025-03-15 14:44:47,Prac,0,2025-03-15 14:49:31.797684000,akit_25-03-15_14-44-47.wpilog,82
296.537664,316.277665,19.740001000000007,3.700000999999986,13.200013000000013,2.839987000000008,L4,2025practice,2025-03-15 14:44:47,Prac,0,2025-03-15 14:49:43.537664000,akit_25-03-15_14-44-47.wpilog,83
316.277665,326.777836,10.500170999999966,3.360034999999982,4.059982999999988,3.0801529999999957,L3,2025practice,2025-03-15 14:44:47,Prac,0,2025-03-15 14:50:03.277665000,akit_25-03-15_14-44-47.wpilog,84
38.610682,43.930803,5.320121,,,,L1,2025practice,2025-03-15 14:59:40,Prac,0,2025-03-15 15:00:18.610682000,akit_25-03-15_14-59-40.wpilog,85
43.930803,57.675148,13.744345000000003,6.1416830000000004,4.1399140000000045,3.4627479999999977,L4,2025practice,2025-03-15 14:59:40,Prac,0,2025-03-15 15:00:23.930803000,akit_25-03-15_14-59-40.wpilog,86
57.675148,71.595068,13.919919999999998,3.560077999999997,6.759861999999998,3.599980000000002,L4,2025practice,2025-03-15 14:59:40,Prac,0,2025-03-15 15:00:37.675148000,akit_25-03-15_14-59-40.wpilog,87
71.595068,96.475125,24.880057000000008,5.160033999999996,14.320007000000004,5.400016000000008,L4,2025practice,2025-03-15 14:59:40,Prac,0,2025-03-15 15:00:51.595068000,akit_25-03-15_14-59-40.wpilog,88
96.475125,109.535104,13.059978999999998,6.399991,3.78002699999999,2.8799610000000087,L4,2025practice,2025-03-15 14:59:40,Prac,0,2025-03-15 15:01:16.475125000,akit_25-03-15_14-59-40.wpilog,89
109.535104,122.315108,12.780003999999991,5.839984999999999,4.1000509999999935,2.839967999999999,L4,2025practice,2025-03-15 14:59:40,Prac,0,2025-03-15 15:01:29.535104000,akit_25-03-15_14-59-40.wpilog,90
122.315108,140.775104,18.459996000000004,7.140044000000003,5.859962999999993,5.459989000000007,L4,2025practice,2025-03-15 14:59:40,Prac,0,2025-03-15 15:01:42.315108000,akit_25-03-15_14-59-40.wpilog,91
140.775104,162.995091,22.219987000000003,8.619999000000007,5.480189999999993,8.119798000000003,L4,2025practice,2025-03-15 14:59:40,Prac,0,2025-03-15 15:02:00.775104000,akit_25-03-15_14-59-40.wpilog,92
162.995091,174.055176,11.060084999999987,2.860112999999984,5.120023000000003,3.079948999999999,L4,2025practice,2025-03-15 14:59:40,Prac,0,2025-03-15 15:02:22.995091000,akit_25-03-15_14-59-40.wpilog,93
174.055176,185.4351,11.379924000000017,5.399923999999999,3.519974000000019,2.460025999999999,L4,2025practice,2025-03-15 14:59:40,Prac,0,2025-03-15 15:02:34.055176000,akit_25-03-15_14-59-40.wpilog,94
185.4351,198.755336,13.320235999999994,3.7600109999999916,6.680003999999997,2.880221000000006,L4,2025practice,2025-03-15 14:59:40,Prac,0,2025-03-15 15:02:45.435100000,akit_25-03-15_14-59-40.wpilog,95
1289.800949,1305.46097,15.660021000000143,4.960103000000117,4.839898999999832,5.860019000000193,L4,2025practice,2025-03-15 15:11:39,Prac,0,2025-03-15 15:33:08.800949000,akit_25-03-15_15-11-39.wpilog,96
1305.46097,1319.96106,14.50009,6.019975999999815,3.5600050000000465,4.920109000000139,L4,2025practice,2025-03-15 15:11:39,Prac,0,2025-03-15 15:33:24.460970000,akit_25-03-15_15-11-39.wpilog,97
1319.96106,1334.44132,14.480259999999817,6.139938999999913,4.55996099999993,3.7803599999999733,L4,2025practice,2025-03-15 15:11:39,Prac,0,2025-03-15 15:33:38.961060000,akit_25-03-15_15-11-39.wpilog,98
1334.44132,1356.240965,21.799645000000055,8.119613000000072,9.660061000000042,4.019970999999941,L4,2025practice,2025-03-15 15:11:39,Prac,0,2025-03-15 15:33:53.441320000,akit_25-03-15_15-11-39.wpilog,99
1356.240965,1390.000944,33.75997899999993,11.640198999999939,19.59978100000012,2.5199989999998706,L4,2025practice,2025-03-15 15:11:39,Prac,0,2025-03-15 15:34:15.240965000,akit_25-03-15_15-11-39.wpilog,100
1390.000944,1420.49874,30.497796000000108,11.560008000000153,13.137778000000026,5.800009999999929,L4,2025practice,2025-03-15 15:11:39,Prac,0,2025-03-15 15:34:49.000944000,akit_25-03-15_15-11-39.wpilog,101
1420.49874,1430.478714,9.979974000000084,3.8000409999999647,3.819928000000118,2.360005000000001,L4,2025practice,2025-03-15 15:11:39,Prac,0,2025-03-15 15:35:19.498740000,akit_25-03-15_15-11-39.wpilog,102
1430.478714,1440.518716,10.040001999999959,4.4200009999999565,3.399973999999929,2.220027000000073,L4,2025practice,2025-03-15 15:11:39,Prac,0,2025-03-15 15:35:29.478714000,akit_25-03-15_15-11-39.wpilog,103
136.63633,154.336332,17.700002000000012,7.159985000000006,6.020013000000006,4.520004,L4,2025practice,2025-03-15 16:15:58,Prac,0,2025-03-15 16:18:14.636330000,akit_25-03-15_16-15-58.wpilog,104
154.336332,169.476286,15.139953999999989,3.6799680000000023,5.980018999999999,5.479966999999988,L4,2025practice,2025-03-15 16:15:58,Prac,0,2025-03-15 16:18:32.336332000,akit_25-03-15_16-15-58.wpilog,105
169.476286,182.736326,13.260040000000004,4.720028000000013,5.600004000000013,2.9400079999999775,L4,2025practice,2025-03-15 16:15:58,Prac,0,2025-03-15 16:18:47.476286000,akit_25-03-15_16-15-58.wpilog,106
182.736326,197.576475,14.840148999999997,4.7200109999999995,6.339945,3.780192999999997,L4,2025practice,2025-03-15 16:15:58,Prac,0,2025-03-15 16:19:00.736326000,akit_25-03-15_16-15-58.wpilog,107
197.576475,209.93851,12.36203500000002,4.099828000000002,4.540001000000018,3.722206,L4,2025practice,2025-03-15 16:15:58,Prac,0,2025-03-15 16:19:15.576475000,akit_25-03-15_16-15-58.wpilog,108
209.93851,226.838525,16.900014999999996,4.300056999999981,7.119917000000015,5.480041,L4,2025practice,2025-03-15 16:15:58,Prac,0,2025-03-15 16:19:27.938510000,akit_25-03-15_16-15-58.wpilog,109
637.905462,690.192459,52.28699699999993,,,,L1,2025practice,2025-03-15 16:28:49,Prac,0,2025-03-15 16:39:26.905462000,akit_25-03-15_16-28-49.wpilog,110
544.667343,567.067322,22.39997900000003,12.659967000000051,4.360010999999986,5.380000999999993,L4,2025practice,2025-03-15 17:02:09,Prac,0,2025-03-15 17:11:13.667343000,akit_25-03-15_17-02-09.wpilog,111
567.067322,578.907323,11.84000100000003,4.880152000000066,3.7398659999998927,3.21998300000007,L4,2025practice,2025-03-15 17:02:09,Prac,0,2025-03-15 17:11:36.067322000,akit_25-03-15_17-02-09.wpilog,112
578.907323,590.227294,11.31997100000001,3.9000260000000253,4.759949000000006,2.6599959999999783,L4,2025practice,2025-03-15 17:02:09,Prac,0,2025-03-15 17:11:47.907323000,akit_25-03-15_17-02-09.wpilog,113
590.227294,598.607312,8.38001799999995,3.000016999999957,3.0799859999999626,2.3000150000000303,L3,2025practice,2025-03-15 17:02:09,Prac,0,2025-03-15 17:11:59.227294000,akit_25-03-15_17-02-09.wpilog,114
598.607312,616.967378,18.360066000000074,5.360022000000072,3.7000019999999267,9.300042000000076,L3,2025practice,2025-03-15 17:02:09,Prac,0,2025-03-15 17:12:07.607312000,akit_25-03-15_17-02-09.wpilog,115
616.967378,628.687361,11.719982999999957,3.619995999999901,5.379963000000089,2.7200239999999667,L4,2025practice,2025-03-15 17:02:09,Prac,0,2025-03-15 17:12:25.967378000,akit_25-03-15_17-02-09.wpilog,116
628.687361,644.867339,16.179978000000006,4.040041999999971,6.399917000000073,5.740018999999961,L4,2025practice,2025-03-15 17:02:09,Prac,0,2025-03-15 17:12:37.687361000,akit_25-03-15_17-02-09.wpilog,117
644.867339,658.307482,13.440143000000035,4.739989000000037,2.240022999999951,6.460131000000047,L2,2025practice,2025-03-15 17:02:09,Prac,0,2025-03-15 17:12:53.867339000,akit_25-03-15_17-02-09.wpilog,118
658.307482,672.947327,14.639844999999923,3.039861999999971,3.340020999999979,8.259961999999973,L2,2025practice,2025-03-15 17:02:09,Prac,0,2025-03-15 17:13:07.307482000,akit_25-03-15_17-02-09.wpilog,119
672.947327,684.687325,11.739998000000014,4.160005000000069,3.300006999999937,4.279986000000008,L4,2025practice,2025-03-15 17:02:09,Prac,0,2025-03-15 17:13:21.947327000,akit_25-03-15_17-02-09.wpilog,120
684.687325,706.727322,22.03999699999997,1.8200150000000122,20.099964,0.1200179999999591,L3,2025practice,2025-03-15 17:02:09,Prac,0,2025-03-15 17:13:33.687325000,akit_25-03-15_17-02-09.wpilog,121
706.727322,716.627365,9.900043000000096,2.4399930000000722,5.659994999999981,1.800055000000043,L4,2025practice,2025-03-15 17:02:09,Prac,0,2025-03-15 17:13:55.727322000,akit_25-03-15_17-02-09.wpilog,122
716.627365,725.80737,9.180004999999937,2.05997699999989,4.7999790000000075,2.32004900000004,L4,2025practice,2025-03-15 17:02:09,Prac,0,2025-03-15 17:14:05.627365000,akit_25-03-15_17-02-09.wpilog,123
725.80737,733.227296,7.419926000000032,2.039942999999994,2.8600209999999606,2.5199620000000778,L3,2025practice,2025-03-15 17:02:09,Prac,0,2025-03-15 17:14:14.807370000,akit_25-03-15_17-02-09.wpilog,124
733.227296,747.507308,14.280011999999942,2.2400239999999485,10.64002000000005,1.3999679999999444,L4,2025practice,2025-03-15 17:02:09,Prac,0,2025-03-15 17:14:22.227296000,akit_25-03-15_17-02-09.wpilog,125
747.507308,757.327307,9.819999000000053,3.160030000000006,3.0999830000000657,3.5599859999999808,L3,2025practice,2025-03-15 17:02:09,Prac,0,2025-03-15 17:14:36.507308000,akit_25-03-15_17-02-09.wpilog,126
757.327307,769.147367,11.820060000000012,3.3801999999999452,3.7598250000000917,4.680034999999975,L4,2025practice,2025-03-15 17:02:09,Prac,0,2025-03-15 17:14:46.327307000,akit_25-03-15_17-02-09.wpilog,127
769.147367,782.247303,13.099935999999957,4.77996399999995,5.200158999999985,3.119813000000022,L4,2025practice,2025-03-15 17:02:09,Prac,0,2025-03-15 17:14:58.147367000,akit_25-03-15_17-02-09.wpilog,128
782.247303,797.807396,15.560093000000052,6.9801049999999805,8.019999999999982,0.5599880000000894,L4,2025practice,2025-03-15 17:02:09,Prac,0,2025-03-15 17:15:11.247303000,akit_25-03-15_17-02-09.wpilog,129
797.807396,815.087407,17.280010999999945,4.600195999999983,8.859831999999983,3.8199829999999793,L4,2025practice,2025-03-15 17:02:09,Prac,0,2025-03-15 17:15:26.807396000,akit_25-03-15_17-02-09.wpilog,130
815.087407,827.127377,12.03997000000004,5.439973000000009,2.4200140000000374,4.179982999999993,L3,2025practice,2025-03-15 17:02:09,Prac,0,2025-03-15 17:15:44.087407000,akit_25-03-15_17-02-09.wpilog,131
827.127377,839.947375,12.819997999999941,3.400030000000015,5.920009999999934,3.4999579999999924,L3,2025practice,2025-03-15 17:02:09,Prac,0,2025-03-15 17:15:56.127376999,akit_25-03-15_17-02-09.wpilog,132
16.237761,26.545458,10.307697000000001,2.7089309999999998,5.458745,2.140021000000001,L4,2025practice,2025-03-15 17:21:51,Prac,0,2025-03-15 17:22:07.237761000,akit_25-03-15_17-21-51.wpilog,133
26.545458,39.187005,12.641547,3.8202609999999986,3.516561000000003,5.304724999999998,L3,2025practice,2025-03-15 17:21:51,Prac,0,2025-03-15 17:22:17.545458000,akit_25-03-15_17-21-51.wpilog,134
39.187005,47.886992,8.699987,2.7399830000000023,3.200023999999999,2.7599799999999988,L3,2025practice,2025-03-15 17:21:51,Prac,0,2025-03-15 17:22:30.187005000,akit_25-03-15_17-21-51.wpilog,135
47.886992,62.190322,14.303330000000003,5.463365000000003,4.839990999999998,3.9999740000000017,L4,2025practice,2025-03-15 17:21:51,Prac,0,2025-03-15 17:22:38.886992000,akit_25-03-15_17-21-51.wpilog,136
62.190322,70.47043,8.280107999999991,2.2400239999999982,3.9201709999999963,2.119912999999997,L4,2025practice,2025-03-15 17:21:51,Prac,0,2025-03-15 17:22:53.190322000,akit_25-03-15_17-21-51.wpilog,137
70.47043,77.410374,6.939944000000011,2.139928000000012,2.360005000000001,2.4400109999999984,L3,2025practice,2025-03-15 17:21:51,Prac,0,2025-03-15 17:23:01.470430000,akit_25-03-15_17-21-51.wpilog,138
77.410374,91.190353,13.779978999999997,5.039960999999991,8.260018000000002,0.480000000000004,L4,2025practice,2025-03-15 17:21:51,Prac,0,2025-03-15 17:23:08.410374000,akit_25-03-15_17-21-51.wpilog,139
91.190353,108.390321,17.199968,3.599942999999996,12.520063000000007,1.0799619999999948,L4,2025practice,2025-03-15 17:21:51,Prac,0,2025-03-15 17:23:22.190353000,akit_25-03-15_17-21-51.wpilog,140
108.390321,122.210312,13.819991000000002,5.640090999999998,4.279930000000007,3.899969999999996,L4,2025practice,2025-03-15 17:21:51,Prac,0,2025-03-15 17:23:39.390321000,akit_25-03-15_17-21-51.wpilog,141
122.210312,152.790358,30.580045999999996,2.300237999999993,2.6398690000000045,25.639939,L3,2025practice,2025-03-15 17:21:51,Prac,0,2025-03-15 17:23:53.210312000,akit_25-03-15_17-21-51.wpilog,142
152.790358,163.390329,10.59997100000001,4.380008000000004,3.319986,2.899977000000007,L2,2025practice,2025-03-15 17:21:51,Prac,0,2025-03-15 17:24:23.790358000,akit_25-03-15_17-21-51.wpilog,143
163.390329,174.710337,11.320008000000001,3.7200359999999932,4.120047999999997,3.479924000000011,L4,2025practice,2025-03-15 17:21:51,Prac,0,2025-03-15 17:24:34.390329000,akit_25-03-15_17-21-51.wpilog,144
174.710337,194.890325,20.17998799999998,3.279991999999993,6.0600259999999935,10.839969999999994,L4,2025practice,2025-03-15 17:21:51,Prac,0,2025-03-15 17:24:45.710337000,akit_25-03-15_17-21-51.wpilog,145
194.890325,238.552017,43.661692000000016,4.200129000000004,13.141561999999993,26.32000100000002,L4,2025practice,2025-03-15 17:21:51,Prac,0,2025-03-15 17:25:05.890325000,akit_25-03-15_17-21-51.wpilog,146
238.552017,260.853606,22.301589000000007,3.121537999999987,13.720100000000002,5.459951000000018,L4,2025practice,2025-03-15 17:21:51,Prac,0,2025-03-15 17:25:49.552017000,akit_25-03-15_17-21-51.wpilog,147
260.853606,276.493575,15.639969000000008,4.7599669999999605,3.539971000000037,7.34003100000001,L4,2025practice,2025-03-15 17:21:51,Prac,0,2025-03-15 17:26:11.853606000,akit_25-03-15_17-21-51.wpilog,148
276.493575,287.213638,10.720062999999982,4.779964000000007,3.960034999999948,1.9800640000000271,L4,2025practice,2025-03-15 17:21:51,Prac,0,2025-03-15 17:26:27.493575000,akit_25-03-15_17-21-51.wpilog,149
287.213638,300.293577,13.079939000000024,3.979939999999999,3.159973999999977,5.940025000000048,L3,2025practice,2025-03-15 17:21:51,Prac,0,2025-03-15 17:26:38.213638000,akit_25-03-15_17-21-51.wpilog,150
300.293577,315.593562,15.299984999999992,5.079972999999995,4.720047999999963,5.499964000000034,L4,2025practice,2025-03-15 17:21:51,Prac,0,2025-03-15 17:26:51.293577000,akit_25-03-15_17-21-51.wpilog,151
